{
	"ambientocclusion": false,
	"textures": {
		"1": "block/cobblestone",
		"particle": "block/torch"
	},
	"elements": [
		{
			"from": [0.5, 3.5, 7],
			"to": [2.5, 13.5, 9],
			"shade": false,
			"rotation": {"angle": 0, "axis": "z", "origin": [0, 3.5, 8]},
			"faces": {
				"up": {"uv": [7, 6, 9, 8], "texture": "#torch"},
				"down": {"uv": [7, 13, 9, 15], "texture": "#torch"}
			}
		},
		{
			"from": [0.5, 3.5, 0],
			"to": [2.5, 19.5, 16],
			"shade": false,
			"rotation": {"angle": 0, "axis": "z", "origin": [0, 3.5, 8]},
			"faces": {
				"east": {"uv": [0, 0, 16, 16], "texture": "#torch"},
				"west": {"uv": [0, 0, 16, 16], "texture": "#torch"}
			}
		},
		{
			"from": [-6.5, 3.5, 7],
			"to": [9.5, 19.5, 9],
			"shade": false,
			"rotation": {"angle": 0, "axis": "z", "origin": [0, 3.5, 8]},
			"faces": {
				"north": {"uv": [0, 0, 16, 16], "texture": "#torch"},
				"south": {"uv": [0, 0, 16, 16], "texture": "#torch"}
			}
		},
		{
			"from": [0, 9, 6.5],
			"to": [3, 10, 9.5],
			"rotation": {"angle": 0, "axis": "y", "origin": [8, 17, 15]},
			"faces": {
				"north": {"uv": [12, 1, 15, 2], "texture": "#1"},
				"east": {"uv": [12, 3, 15, 4], "texture": "#1"},
				"south": {"uv": [12, 2, 15, 3], "texture": "#1"},
				"west": {"uv": [12, 3, 15, 4], "texture": "#1"},
				"up": {"uv": [12, 1, 15, 4], "texture": "#1"},
				"down": {"uv": [12, 1, 15, 4], "texture": "#1"}
			}
		},
		{
			"from": [0, 5, 6.5],
			"to": [3, 6, 9.5],
			"rotation": {"angle": 0, "axis": "y", "origin": [8, 13, 15]},
			"faces": {
				"north": {"uv": [12, 1, 15, 2], "texture": "#1"},
				"east": {"uv": [12, 3, 15, 4], "texture": "#1"},
				"south": {"uv": [12, 2, 15, 3], "texture": "#1"},
				"west": {"uv": [12, 3, 15, 4], "texture": "#1"},
				"up": {"uv": [12, 1, 15, 4], "texture": "#1"},
				"down": {"uv": [12, 1, 15, 4], "texture": "#1"}
			}
		}
	]
}